LON,LAT,EDO,CLAVE,ESTACION,ene-24
-99.174167,19.240833,DF,AMC,"Academia Mexicana de Ciencias, Cd. de Méx. UNAM*",1.01
-99.210278,19.218611,DF,AJSDF,"Ajusco, Cd. de Méx.",0.0
-99.1375,19.469722,DF,CMTDF,"Avenida Cien Metros, Cd. de Méx.",0.0
-99.102778,19.423056,DF,BALBUENA,"Balbuena, Cd. de Méx. UNAM*",0.42
-99.1375,19.516667,DF,CEADF,"Campamento Amealco, Cd. de Méx.",0.01
-99.183333,19.486389,DF,CMYDF,"Campamento Mecoaya, Cd. de Méx.",0.25
-98.999444,19.357222,DF,CDMDF,"Cárcel de Mujeres, Cd. de Méx.",0.0
-99.208333,19.155556,DF,CFSDF,"Caseta Forestal, Cd. de Méx.",0.25
-99.140833,19.483333,DF,CCHVALLEJO,"CCH Vallejo, Cd. de Méx. UNAM*",0.9
-99.1125,19.407778,DF,CDVDF,"Ciudad Deportiva, Cd. de Méx.",0.25
-99.09,19.484167,DF,CYLDF,"Coyol, Cd. de Méx.",1.25
-99.140833,19.549444,DF,CUAUTEPEC,"Cuautepec, Cd. de Méx. UNAM*",3.42
-99.105,19.323333,DF,CULHUACAN,"Culhuacán, Cd. de Méx. UNAM*",1.74
-99.309167,19.313333,DF,DTLDF,"Desierto de los Leones, Cd. de Méx.",1.78
-99.205,19.3,DF,DATDF,"Desviación Alta, Cd. de Méx.",0.0
-99.066667,19.377778,DF,EMRDF,"El Moral SACM, Cd. de Méx.",0.0
-99.286389,19.3625,DF,EYQDF,"El Yaqui, Cd. de Méx.",0.75
-99.352222,19.295,DF,EZCDF,"El Zarco, Méx.",0.0
-99.151944,19.300556,DF,EAZDF,"Estadio Azteca, Cd. de Méx.",2.5
-99.131389,19.431111,DF,DDFDF,"Gobierno de la Ciudad de México, Cd. de Méx.",0.0
-99.119444,19.496389,DF,INDIOSVER,"Indios Verdes, Cd. de Méx. UNAM*",0.95
-99.091667,19.478056,DF,GCNDF,"km 6+250, Cd. de Méx.",1.0
-98.960556,19.320833,DF,SSCDF,"La Caldera Subestación eléctrica Santa Lucía, Méx.",0.0
-99.066667,19.377778,DF,LU4DF,"Lumbrera Cuatro Ríos (El Moral), Cd. de Méx.",0.25
-99.120556,19.150556,DF,MTULMIAC,"Manantial Tulmiac, Cd. de Méx. SACMEX*",1.25
-99.133889,19.403333,DF,MCRDF,"Marcos Carrillo, Cd. de Méx.",0.0
-99.291667,19.355278,DF,CUAJIMALPA,"Memetla Cuajimalpa, Cd. de Méx. UNAM*",1.2
-99.043889,19.3375,DF,MEYEHUALCO,"Meyehualco, Cd. de Méx. UNAM*",0.25
-99.026944,19.187222,DF,MLPDF,"Milpa Alta, Cd. de Méx.",0.3
-99.196111,19.406389,DF,CTMDF,"Observatorio de Tacubaya, Cd. de Méx.",0.32
-99.096389,19.316389,DF,OCSDF,"Organismo de Cuenca Aguas del Valle de Mécico Sur, Cd. de Méx.",1.0
-99.2275,19.294167,DF,PADIERNA,"Padierna, Cd. de Méx. UNAM*",0.79
-99.233056,19.187778,DF,MZTDF,"Planta Abasolo (Mezontepec), Cd. de Méx.",0.0
-99.2,19.413056,DF,PCHDF,"Planta Chapultepec, Cd. de Méx.",0.5
-99.100278,19.379167,DF,PBADF,"Planta de bombeo Aculco, Cd. de Méx.",1.0
-99.057778,19.433333,DF,PBCDF,"Planta de bombeo Churubusco Lago, Cd. de Méx.",1.0
-99.119444,19.486667,DF,PBLDF,"Planta de bombeo Lindavista, Cd. de Méx.",0.25
-99.068333,19.420278,DF,PLMDF,"Planta de bombeo López Mateos, Cd. de Méx.",0.0
-99.126389,19.365278,DF,PMLDF,"Planta de bombeo Municipio Libre, Cd. de Méx.",0.5
-99.163889,19.468889,DF,PSNDF,"Planta de bombeo Nueva Santa María, Cd. de Méx.",0.75
-99.170556,19.435556,DF,PBTDF,"Planta de bombeo Tizoc, Cd. de Méx.",0.5
-99.037778,19.38,DF,PBODF,"Planta de bombeo U.H. Ejército de Oriente, Cd. de Méx.",0.0
-99.126111,19.285833,DF,PVCDF,"Planta de bombeo Villa Coapa, Cd. de Méx.",5.0
-99.143056,19.331944,DF,PXTDF,"Planta de bombeo Xotepingo, Cd. de Méx.",1.0
-99.076389,19.336944,DF,PLEDF,"Planta de Tratamiento Cerro de La Estrella, Cd. de Méx.",0.0
-99.154444,19.513056,DF,PRMDF,"Planta de Tratamiento Río de La Magdalena, Cd. de Méx.",0.0
-99.154444,19.513056,DF,PRRDF,"Planta de Tratamiento Río Remedios, Cd. de Méx.",2.25
-99.190278,19.509167,DF,PTRDF,"Planta de Tratamiento Rosario, Cd. de Méx.",0.5
-99.023056,19.299167,DF,PSCDF,"Planta de Tratamiento Santa Catarina, Cd. de Méx.",0.0
-99.097222,19.455833,DF,PGNDF,"Planta Generadora 101, Cd. de Méx.",0.0
-99.090833,19.246389,DF,PNTDF,"Planta Nativitas, Cd. de Méx.",1.75
-99.209444,19.308611,DF,PICACHOAJUSCO,"Planta Pichacho Ajusco Periférico, Cd. de Méx. SACMEX*",1.5
-99.05,19.233333,DF,PSLDF,"Planta San Luis, Cd. de Méx.",0.0
-99.171111,19.263056,DF,PSPDF,"Pueblo San Pedro Mártir, Cd. de Méx.",2.75
-99.17,19.4,DF,RCMDF,"Radio Comunicación, Cd. de Méx.",0.5
-99.194167,19.296111,DF,RBTDF,"Rebombeo Bosque de Tlalpan, Cd. de Méx.",3.5
-99.028889,19.338333,DF,SCMDF,"Rebombeo La Quebradora (Santa Cruz Meyehualco), Cd. de Méx.",0.0
-99.079167,19.465278,DF,SJADF,"San Juan de Aragón, Cd. de Méx.",1.51
-99.17,19.262778,DF,SPEDROMARTIR,"San Pedro Mártir, Cd. de Méx. SACMEX*",2.75
-99.09,19.190278,DF,CTNDF,"San Salvador Cuauhtenco, Cd. de Méx.",0.0
-99.0,19.166667,DF,SANDF,"Santa Ana, Cd. de Méx.",0.0
-99.264444,19.359722,DF,TSLDF,"Santa Fe (Santa Lucía), Cd. de Méx.",0.5
-99.122222,19.572222,DF,SGDDF,"Sierra Guadalupe, Cd. de Méx.",1.75
-99.186389,19.455556,DF,TACUBA,"Tacuba, Cd. de Méx. UNAM*",0.69
-99.1425,19.556111,DF,TCMDF,"Tanque Chalmita, Cd. de Méx.",4.75
-99.272222,19.373056,DF,TECDF,"Tanque el Cartero, Cd. de Méx.",0.75
-99.246389,19.333889,DF,TELDF,"Tanque el Lienzo, Cd. de Méx.",0.5
-99.084722,19.440833,DF,TPNDF,"Tanque Peñón, Cd. de Méx.",0.25
-99.248611,19.316667,DF,TSFDF,"Tanque San Francisco, Cd. de Méx.",0.25
-99.228611,19.436389,DF,TSJDF,"Tanque San Joaquín, Cd. de Méx.",0.0
-99.2125,19.361944,DF,TRGDF,"Tarango, Cd. de Méx.",0.0
-99.141389,19.344444,DF,TAXQUENA,"Taxqueña, Cd. de Méx. UNAM*",0.79
-99.098889,19.385556,DF,TEZDF,"Tezontle, Cd. de Méx. SMN*",0.51
-99.135833,19.199444,DF,TPJDF,"Topilejo, Cd. de Méx.",0.0
-99.211667,19.399167,DF,TNGDF,"Triángulo, Cd. de Méx.",0.0
-99.180556,19.346667,DF,CCUDF,"Universidad, Cd. de Méx.",0.5
-99.245833,19.274167,DF,ZACATON,"Zacatón, Cd. de Méx. SACMEX*",2.0
